<?xml version="1.0" encoding="UTF-8"?>
<beans xmlns="http://www.springframework.org/schema/beans"
	xmlns:xsi="http://www.w3.org/2001/XMLSchema-instance"
	xmlns:aop="http://www.springframework.org/schema/aop"
	xmlns:context="http://www.springframework.org/schema/context"
	xmlns:jdbc="http://www.springframework.org/schema/jdbc"
	xmlns:mybatis-spring="http://mybatis.org/schema/mybatis-spring"
	xsi:schemaLocation="http://www.springframework.org/schema/jdbc http://www.springframework.org/schema/jdbc/spring-jdbc-4.3.xsd
		http://mybatis.org/schema/mybatis-spring http://mybatis.org/schema/mybatis-spring-1.2.xsd
		http://www.springframework.org/schema/beans https://www.springframework.org/schema/beans/spring-beans.xsd
		http://www.springframework.org/schema/context http://www.springframework.org/schema/context/spring-context-4.3.xsd
		http://www.springframework.org/schema/aop http://www.springframework.org/schema/aop/spring-aop-4.3.xsd">
	
	<!-- Root Context: defines shared resources visible to all other web components -->
	<!-- MySQL DataSource -->
	<bean id="dataSource" class="org.springframework.jdbc.datasource.DriverManagerDataSource">
		<!-- <property name="driverClassName" value="com.mysql.cj.jdbc.Driver"></property> 
		<property name="url" value="jdbc:mysql://127.0.0.1:3306/bookstoredb?useSSL=false;serverTimezone=UTC"></property>
		-->
		<property name="driverClassName" value="net.sf.log4jdbc.sql.jdbcapi.DriverSpy"></property>
		<property name="url" value="jdbc:log4jdbc:mysql://127.0.0.1:3306/bookstoredb?useSSL=false&amp;serverTimezone=UTC"></property>
		<property name="username" value="bookmaster"></property>
		<property name="password" value="1111"></property>
	</bean>
	
	<!-- SqlSessionFactory 객체 주입 -->
	<!-- SqlSessionFactory는 DB와의 연결과 SQL의 실행에 대한 모든 것을 가진 객체 -->
	<bean id="sqlSessionFactory" class="org.mybatis.spring.SqlSessionFactoryBean">
		<property name="dataSource" ref="dataSource"/>
		
		<property name="mapperLocations" value="classpath:mappers/**/*Mapper.xml"></property>
	</bean>
		
	<!-- SqlSession 객체 주입 -->
	<bean id="sqlSession" class="org.mybatis.spring.SqlSessionTemplate" destroy-method="clearCache">
		<constructor-arg name="sqlSessionFactory" ref="sqlSessionFactory"></constructor-arg>
	</bean>
	
	<!-- Bean 등록 -->
	<!-- MemberDAOImpl에 @Repository 어노테이션이 설정되어 있더라도 스프링에서 해당 패키지를 스캔하지 않으면
	     스프링 빈으로 등록이 되지 않는다. 그래서 root-context.xml에 Bean을 등록해야 한다. -->
	<context:component-scan base-package="com.joonggo.pro.regproduct.dao"></context:component-scan>
	<context:component-scan base-package="com.joonggo.pro.regproduct.service"></context:component-scan>

</beans>















