<?xml version="1.0" encoding="UTF-8"?>
<!DOCTYPE mapper
  PUBLIC "-//mybatis.org//DTD Mapper 3.0//EN"
  "http://mybatis.org/dtd/mybatis-3-mapper.dtd">
  
<mapper namespace="com.joonggo.pro.mappers.regproductmapper">

<!-- 게시글 넣기 -->
<insert id="productInsert" parameterType="com.joonggo.pro.regproduct.dto.RegproductDTO" useGeneratedKeys="true" keyProperty="bno">
	INSERT	INTO	product
			(psubject, 		pprice, 	plocation, 		pcontent, 		pwriter,	 pcondition,	 pquantity, pregdate,  pexchange, ptype)
	VALUES	(#{psubject},	#{pprice},	#{plocation},	#{pcontent}, 	#{pwriter},	 #{pcondition}, #{pquantity},	now(),	#{pexchange}, #{ptype} )
</insert>

<insert id="photoInsert" parameterType="com.joonggo.pro.regproduct.dto.PhotoDTO" useGeneratedKeys="true" keyProperty="photono">
	INSERT	INTO	photo
			(photoname,	photoorname, photolocation)
	VALUES	(#{pphotoname},#{pphotonname}, #{pphotolocation})
</insert>


<!-- 게시글 목록 보기 -->
	<select id="findAll" resultType="com.joonggo.pro.regproduct.dto.RegproductDTO">
	SELECT * FROM product;
	</select>
	
	<!-- 게시글 세부 보기 -->
	<select id="productDtl" resultType="com.joonggo.pro.regproduct.dto.RegproductDTO">
	SELECT * FROM product WHERE pno = #{bno};
	</select>

</mapper>